City_ID,City,Country,Date,Lat,Lng,Max Temp,Humidity,Cloudiness,Wind Speed,Current Description,Snowfall,Rainfall
0,Arraial Do Cabo,BR,2020-07-12 22:31:43,-22.97,-42.03,77.0,61,62,5.82,broken clouds,0,0.0
1,Saldanha,ZA,2020-07-12 22:31:43,-33.01,17.94,57.2,82,58,25.28,moderate rain,0,1.65
2,Te Anau,NZ,2020-07-12 22:28:57,-45.42,167.72,35.8,85,5,1.43,clear sky,0,0.0
3,Jamestown,US,2020-07-12 22:28:41,42.1,-79.24,73.99,73,1,10.29,clear sky,0,0.0
4,Upernavik,GL,2020-07-12 22:29:04,72.79,-56.15,41.86,84,97,9.89,overcast clouds,0,0.0
5,Narsaq,GL,2020-07-12 22:31:38,60.92,-46.05,53.6,54,100,4.7,light rain,0,0.29
6,Busselton,AU,2020-07-12 22:30:31,-33.65,115.33,55.0,79,40,14.12,light rain,0,0.22
7,Longyearbyen,SJ,2020-07-12 22:31:44,78.22,15.64,46.4,81,75,2.24,broken clouds,0,0.0
8,Rikitea,PF,2020-07-12 22:30:09,-23.12,-134.97,71.15,72,0,15.7,clear sky,0,0.0
9,Hobart,AU,2020-07-12 22:27:16,-42.88,147.33,39.2,93,75,10.29,broken clouds,0,0.0
10,Naron,ES,2020-07-12 22:31:45,43.52,-8.15,66.99,80,0,8.99,clear sky,0,0.0
11,Kapaa,US,2020-07-12 22:31:46,22.08,-159.32,82.4,69,20,18.34,few clouds,0,0.0
12,Kayerkan,RU,2020-07-12 22:31:46,69.35,87.76,53.6,76,75,4.47,broken clouds,0,0.0
13,Albany,US,2020-07-12 22:31:46,42.6,-73.97,86.0,70,9,7.49,clear sky,0,0.0
14,Bongor,TD,2020-07-12 22:31:46,10.28,15.37,76.46,79,55,4.0,broken clouds,0,0.0
15,Ushuaia,AR,2020-07-12 22:29:05,-54.8,-68.3,35.6,93,40,17.22,scattered clouds,0,0.0
16,Port Alfred,ZA,2020-07-12 22:31:47,-33.59,26.89,58.14,36,0,10.45,clear sky,0,0.0
17,Vila Franca Do Campo,PT,2020-07-12 22:27:44,37.72,-25.43,68.0,72,75,6.93,broken clouds,0,0.0
18,Port Elizabeth,ZA,2020-07-12 22:26:47,-33.92,25.57,44.6,87,0,3.36,clear sky,0,0.0
19,Bluff,NZ,2020-07-12 22:30:04,-46.6,168.33,39.0,83,89,3.0,overcast clouds,0,0.0
20,Namatanai,PG,2020-07-12 22:30:24,-3.67,152.43,76.53,88,100,5.75,light rain,0,0.69
21,Bethel,US,2020-07-12 22:31:47,41.37,-73.41,87.01,48,1,12.75,clear sky,0,0.0
22,Rio Grande,BR,2020-07-12 22:31:47,-32.03,-52.1,44.01,95,88,9.91,overcast clouds,0,0.0
23,Yellowknife,CA,2020-07-12 22:29:47,62.46,-114.35,69.01,59,75,4.7,broken clouds,0,0.0
24,Punta Arenas,CL,2020-07-12 22:31:48,-53.15,-70.92,35.6,84,75,20.8,light intensity shower rain,0,0.0
25,Ales,FR,2020-07-12 22:31:48,44.13,4.08,71.01,49,57,3.0,broken clouds,0,0.0
26,Byron Bay,AU,2020-07-12 22:31:48,-28.65,153.62,57.0,93,40,5.82,scattered clouds,0,0.0
27,Mporokoso,ZM,2020-07-12 22:31:48,-9.37,30.12,62.26,52,0,9.86,clear sky,0,0.0
28,Esperance,AU,2020-07-12 22:31:48,-33.87,121.9,48.2,61,0,19.46,clear sky,0,0.0
29,Faanui,PF,2020-07-12 22:31:48,-16.48,-151.75,79.21,75,100,14.92,overcast clouds,0,0.0
30,Torbay,CA,2020-07-12 22:30:05,47.67,-52.73,61.0,82,90,13.87,overcast clouds,0,0.0
31,Dikson,RU,2020-07-12 22:31:49,73.51,80.55,41.5,97,99,4.56,overcast clouds,0,0.0
32,Lompoc,US,2020-07-12 22:31:25,34.64,-120.46,77.0,60,0,13.87,clear sky,0,0.0
33,Marsa Matruh,EG,2020-07-12 22:31:49,31.35,27.25,75.2,78,40,6.93,scattered clouds,0,0.0
34,Atuona,PF,2020-07-12 22:31:49,-9.8,-139.03,80.29,75,2,20.13,clear sky,0,0.0
35,North Bend,US,2020-07-12 22:31:49,43.41,-124.22,68.0,77,75,24.16,broken clouds,0,0.0
36,Hualmay,PE,2020-07-12 22:31:49,-11.1,-77.61,62.46,78,7,6.85,clear sky,0,0.0
37,Pine Hills,US,2020-07-12 22:31:50,28.56,-81.45,93.99,52,75,14.99,thunderstorm,0,0.0
38,Shatrovo,RU,2020-07-12 22:31:50,56.52,64.63,61.2,83,0,7.0,clear sky,0,0.0
39,Husavik,IS,2020-07-12 22:29:54,66.04,-17.34,53.6,81,90,5.82,drizzle,0,0.0
40,Butaritari,KI,2020-07-12 22:31:50,3.07,172.79,83.61,77,58,13.65,broken clouds,0,0.0
41,Bichena,ET,2020-07-12 22:31:50,10.45,38.2,54.97,97,95,1.3,light rain,0,0.74
42,Ixtapa,MX,2020-07-12 22:31:51,20.7,-105.2,86.0,74,75,5.82,broken clouds,0,0.0
43,Airai,TL,2020-07-12 22:30:50,-8.93,125.41,59.13,87,94,4.79,overcast clouds,0,0.0
44,Cabo San Lucas,MX,2020-07-12 22:31:51,22.89,-109.91,95.0,44,40,4.7,scattered clouds,0,0.0
45,Razdolinsk,RU,2020-07-12 22:31:51,58.42,94.67,57.79,79,0,1.54,clear sky,0,0.0
46,Tuktoyaktuk,CA,2020-07-12 22:31:51,69.45,-133.04,57.2,62,75,11.41,broken clouds,0,0.0
47,Nikolskoye,RU,2020-07-12 22:28:45,59.7,30.79,53.6,81,86,1.63,overcast clouds,0,0.0
48,Tasiilaq,GL,2020-07-12 22:28:43,65.61,-37.64,39.2,86,0,6.93,clear sky,0,0.0
49,New Norfolk,AU,2020-07-12 22:31:52,-42.78,147.06,37.0,92,0,2.3,clear sky,0,0.0
50,Pevek,RU,2020-07-12 22:31:52,69.7,170.31,48.72,71,73,4.85,broken clouds,0,0.0
51,Vanimo,PG,2020-07-12 22:31:52,-2.67,141.3,80.19,82,100,1.57,light rain,0,0.74
52,Labuhan,ID,2020-07-12 22:31:52,-6.88,112.21,74.8,87,86,7.25,overcast clouds,0,0.0
53,Palmer,US,2020-07-12 22:31:53,42.16,-72.33,87.8,45,40,6.93,scattered clouds,0,0.0
54,Hithadhoo,MV,2020-07-12 22:30:24,-0.6,73.08,84.97,71,82,8.9,broken clouds,0,0.0
55,Barrow,US,2020-07-12 22:31:53,71.29,-156.79,37.4,91,90,8.05,overcast clouds,0,0.0
56,Paamiut,GL,2020-07-12 22:28:44,61.99,-49.67,44.37,82,100,5.39,overcast clouds,0,0.0
57,Trincomalee,LK,2020-07-12 22:31:53,8.57,81.23,80.8,77,99,17.27,overcast clouds,0,0.0
58,Talcahuano,CL,2020-07-12 22:29:31,-36.72,-73.12,53.6,100,90,8.05,mist,0,0.0
59,Binulasan,PH,2020-07-12 22:31:54,14.73,121.7,79.18,87,100,7.07,moderate rain,0,2.55
60,Aklavik,CA,2020-07-12 22:31:54,68.22,-135.01,60.8,51,75,8.05,light intensity shower rain,0,0.0
61,Varzea Da Palma,BR,2020-07-12 22:31:54,-17.6,-44.73,66.27,41,12,2.84,few clouds,0,0.0
62,Mlonggo,ID,2020-07-12 22:31:54,-6.53,110.7,76.1,82,74,5.03,broken clouds,0,0.0
63,Lebu,CL,2020-07-12 22:28:50,-37.62,-73.65,49.73,89,100,5.3,overcast clouds,0,0.0
64,Tabou,CI,2020-07-12 22:31:54,4.42,-7.35,75.22,80,74,7.47,broken clouds,0,0.0
65,Pisco,PE,2020-07-12 22:27:26,-13.7,-76.22,64.0,82,58,8.05,broken clouds,0,0.0
66,Kasongo-Lunda,CD,2020-07-12 22:31:55,-6.47,16.82,74.34,60,19,1.74,few clouds,0,0.0
67,Hilo,US,2020-07-12 22:30:15,19.73,-155.09,80.6,69,90,6.93,overcast clouds,0,0.0
68,Kruisfontein,ZA,2020-07-12 22:30:40,-34.0,24.73,60.51,30,0,19.82,clear sky,0,0.0
69,Cascavel,BR,2020-07-12 22:31:55,-24.96,-53.46,60.62,94,1,2.64,clear sky,0,0.0
70,Avarua,CK,2020-07-12 22:31:55,-21.21,-159.78,71.6,83,98,8.05,moderate rain,0,1.11
71,Necochea,AR,2020-07-12 22:30:58,-38.55,-58.74,37.99,77,14,1.01,few clouds,0,0.0
72,Sao Filipe,CV,2020-07-12 22:31:55,14.9,-24.5,74.41,80,68,2.55,broken clouds,0,0.0
73,College,US,2020-07-12 22:26:56,64.86,-147.8,69.8,37,75,5.82,broken clouds,0,0.0
74,Hermanus,ZA,2020-07-12 22:31:56,-34.42,19.23,57.99,68,34,20.0,moderate rain,0,3.27
75,Ugoofaaru,MV,2020-07-12 22:31:56,5.67,73.0,82.92,70,24,3.09,few clouds,0,0.0
76,Kholbon,RU,2020-07-12 22:31:56,51.88,116.25,65.14,85,100,4.07,light rain,0,0.16
77,Chokurdakh,RU,2020-07-12 22:30:46,70.63,147.92,67.87,47,64,9.73,broken clouds,0,0.0
78,Poronaysk,RU,2020-07-12 22:31:57,49.22,143.12,56.05,91,97,3.44,light rain,0,0.12
79,Haines Junction,CA,2020-07-12 22:31:57,60.75,-137.51,63.32,42,85,10.29,overcast clouds,0,0.0
80,Chuy,UY,2020-07-12 22:30:36,-33.7,-53.46,46.09,65,28,11.36,scattered clouds,0,0.0
81,Dingle,PH,2020-07-12 22:29:12,11.0,122.67,76.78,90,89,2.35,light rain,0,0.34
82,Ilulissat,GL,2020-07-12 22:30:39,69.22,-51.1,46.4,75,27,3.36,scattered clouds,0,0.0
83,Chapais,CA,2020-07-12 22:31:39,49.78,-74.85,62.6,88,90,9.17,overcast clouds,0,0.0
84,High Rock,BS,2020-07-12 22:30:49,26.62,-78.28,87.8,70,75,13.87,broken clouds,0,0.0
85,Mokhsogollokh,RU,2020-07-12 22:31:58,61.47,128.92,78.06,77,6,0.78,clear sky,0,0.0
86,Puerto Ayora,EC,2020-07-12 22:29:30,-0.74,-90.35,69.01,88,84,1.99,broken clouds,0,0.0
87,Hovd,MN,2020-07-12 22:27:09,48.01,91.64,58.1,74,27,1.81,scattered clouds,0,0.0
88,San Patricio,MX,2020-07-12 22:31:58,19.22,-104.7,87.8,79,75,13.87,broken clouds,0,0.0
89,Tautira,PF,2020-07-12 22:30:13,-17.73,-149.15,82.4,61,40,11.41,scattered clouds,0,0.0
90,East London,ZA,2020-07-12 22:31:58,-33.02,27.91,58.48,48,0,15.73,clear sky,0,0.0
91,Sakakah,SA,2020-07-12 22:31:58,29.97,40.21,89.6,18,0,8.05,clear sky,0,0.0
92,Castro,BR,2020-07-12 22:31:59,-24.79,-50.01,59.99,80,4,6.26,clear sky,0,0.0
93,El Prat De Llobregat,ES,2020-07-12 22:30:07,41.33,2.09,78.01,73,20,5.82,few clouds,0,0.0
94,Warrnambool,AU,2020-07-12 22:28:26,-38.38,142.48,48.0,96,0,4.25,clear sky,0,0.0
95,Mataura,NZ,2020-07-12 22:31:59,-46.19,168.86,39.0,83,88,3.0,overcast clouds,0,0.0
96,General Roca,AR,2020-07-12 22:31:59,-39.03,-67.58,46.4,61,100,2.24,overcast clouds,0,0.0
97,Qui Nhon,VN,2020-07-12 22:31:59,13.77,109.23,79.27,80,2,4.68,clear sky,0,0.0
98,Pyapon,MM,2020-07-12 22:32:00,16.28,95.68,78.75,86,100,7.56,moderate rain,0,1.53
99,Belaya Gora,RU,2020-07-12 22:32:00,68.53,146.42,74.48,40,98,9.62,overcast clouds,0,0.0
100,Kouqian,CN,2020-07-12 22:32:00,43.64,126.46,72.81,70,100,2.98,overcast clouds,0,0.0
101,Sao Joao Da Barra,BR,2020-07-12 22:32:00,-21.64,-41.05,75.2,73,87,8.05,overcast clouds,0,0.0
102,Belyy Yar,RU,2020-07-12 22:32:01,53.6,91.39,53.6,93,51,1.12,broken clouds,0,0.0
103,Mount Darwin,ZW,2020-07-12 22:32:01,-16.77,31.58,53.2,58,0,5.64,clear sky,0,0.0
104,Tiksi,RU,2020-07-12 22:32:01,71.69,128.87,63.23,58,88,8.3,overcast clouds,0,0.0
105,Gamarra,CO,2020-07-12 22:32:01,8.32,-73.74,82.33,76,75,6.58,light rain,0,0.19
106,Turukhansk,RU,2020-07-12 22:31:59,65.82,87.98,57.47,83,80,7.78,broken clouds,0,0.0
107,Saint-Philippe,RE,2020-07-12 22:32:01,-21.36,55.77,64.4,72,39,9.17,light rain,0,0.58
108,Kirensk,RU,2020-07-12 22:32:01,57.79,108.11,64.65,61,81,3.58,broken clouds,0,0.0
109,Changde,CN,2020-07-12 22:32:02,29.05,111.68,71.64,93,100,3.71,overcast clouds,0,0.0
110,Georgetown,MY,2020-07-12 22:27:12,5.41,100.34,80.6,94,20,2.24,few clouds,0,0.0
111,Yulara,AU,2020-07-12 22:32:02,-25.24,130.99,37.4,74,0,6.93,clear sky,0,0.0
112,Victoria,HK,2020-07-12 22:29:45,22.29,114.16,84.0,79,13,4.34,light rain,0,0.12
113,Bambous Virieux,MU,2020-07-12 22:32:02,-20.34,57.76,72.0,88,75,16.11,shower rain,0,0.0
114,Toora-Khem,RU,2020-07-12 22:32:02,52.47,96.11,55.85,80,100,1.54,overcast clouds,0,0.0
115,Khatanga,RU,2020-07-12 22:32:02,71.97,102.5,57.76,72,86,17.92,overcast clouds,0,0.0
116,Vaini,TO,2020-07-12 22:32:03,-21.2,-175.2,73.4,73,20,12.75,few clouds,0,0.0
117,Puerto Escondido,MX,2020-07-12 22:28:57,15.85,-97.07,86.0,70,75,9.17,broken clouds,0,0.0
118,Qaanaaq,GL,2020-07-12 22:32:03,77.48,-69.36,46.56,60,79,2.3,broken clouds,0,0.0
119,Grand Gaube,MU,2020-07-12 22:32:03,-20.01,57.66,72.0,75,6,8.99,light rain,0,0.17
120,Clyde River,CA,2020-07-12 22:30:23,70.47,-68.59,42.8,87,75,9.17,broken clouds,0,0.0
121,Ponta Do Sol,PT,2020-07-12 22:30:37,32.67,-17.1,69.01,75,0,3.22,clear sky,0,0.0
122,Tutoia,BR,2020-07-12 22:32:04,-2.76,-42.27,78.69,80,40,7.65,scattered clouds,0,0.0
123,Zhangye,CN,2020-07-12 22:32:04,38.93,100.45,75.0,30,98,6.11,overcast clouds,0,0.0
124,Bilibino,RU,2020-07-12 22:31:34,68.05,166.44,62.8,76,75,4.12,moderate rain,0,1.5
125,Provideniya,RU,2020-07-12 22:27:29,64.38,-173.3,50.0,81,20,13.42,fog,0,0.0
126,San Miguel,SV,2020-07-12 22:32:04,13.48,-88.18,86.83,71,10,1.12,light rain,0,0.31
127,Margate,GB,2020-07-12 22:27:52,51.38,1.39,63.0,71,71,4.05,broken clouds,0,0.0
128,Montepuez,MZ,2020-07-12 22:32:05,-13.13,39.0,62.26,97,3,6.51,clear sky,0,0.0
129,Pacifica,US,2020-07-12 22:29:00,37.61,-122.49,66.99,67,1,12.75,haze,0,0.0
130,Usinsk,RU,2020-07-12 22:32:05,65.99,57.53,52.63,88,65,18.52,broken clouds,0,0.0
131,Sidi Ali,DZ,2020-07-12 22:32:05,36.1,0.42,76.19,72,97,11.83,overcast clouds,0,0.0
132,Riyadh,SA,2020-07-12 22:28:46,24.69,46.72,93.2,15,26,11.41,scattered clouds,0,0.0
133,Bullhead City,US,2020-07-12 22:32:05,35.15,-114.57,118.99,9,40,18.34,scattered clouds,0,0.0
134,Nalut,LY,2020-07-12 22:32:06,30.33,10.85,81.63,27,0,13.04,clear sky,0,0.0
135,Lagoa,PT,2020-07-12 22:32:06,39.05,-27.98,68.63,80,0,15.77,clear sky,0,0.0
136,Leningradskiy,RU,2020-07-12 22:27:07,69.38,178.42,43.83,69,37,9.51,scattered clouds,0,0.0
137,Jagdalpur,IN,2020-07-12 22:32:06,19.07,82.03,75.54,89,100,5.1,overcast clouds,0,0.0
138,Anqing,CN,2020-07-12 22:32:06,30.51,117.05,75.04,85,99,7.07,overcast clouds,0,0.0
139,Klaksvik,FO,2020-07-12 22:31:32,62.23,-6.59,50.0,93,100,14.99,overcast clouds,0,0.0
140,Bredasdorp,ZA,2020-07-12 22:32:07,-34.53,20.04,57.2,41,0,11.41,clear sky,0,0.0
141,San Cristobal,VE,2020-07-12 22:30:13,7.77,-72.22,84.2,58,40,4.7,light rain,0,0.0
142,Dolores,AR,2020-07-12 22:32:07,-36.31,-57.68,41.27,67,16,8.21,few clouds,0,0.0
143,Rocha,UY,2020-07-12 22:29:39,-34.48,-54.33,41.77,67,62,7.27,broken clouds,0,0.0
144,Olafsvik,IS,2020-07-12 22:27:38,64.89,-23.71,51.06,82,54,3.31,broken clouds,0,0.0
145,Alofi,NU,2020-07-12 22:31:57,-19.06,-169.92,75.2,83,86,20.8,overcast clouds,0,0.0
146,Jacqueville,CI,2020-07-12 22:32:08,5.21,-4.41,77.0,88,20,3.36,few clouds,0,0.0
147,Sitka,US,2020-07-12 22:32:08,57.05,-135.33,59.0,72,75,5.82,broken clouds,0,0.0
148,Okhotsk,RU,2020-07-12 22:32:04,59.38,143.3,67.46,57,25,5.48,scattered clouds,0,0.0
149,Grand Island,US,2020-07-12 22:32:08,40.92,-98.34,80.6,57,1,10.29,clear sky,0,0.0
150,Ribas Do Rio Pardo,BR,2020-07-12 22:32:08,-20.44,-53.76,75.43,49,11,3.8,few clouds,0,0.0
151,Zverinogolovskoye,RU,2020-07-12 22:32:08,54.46,64.85,62.64,79,23,3.56,few clouds,0,0.0
152,Cidreira,BR,2020-07-12 22:30:17,-30.18,-50.21,57.07,86,99,5.64,overcast clouds,0,0.0
153,Severnyy,RU,2020-07-12 22:32:09,50.68,36.55,68.0,64,40,4.47,scattered clouds,0,0.0
154,Bengkulu,ID,2020-07-12 22:32:09,-3.8,102.27,73.94,89,65,3.8,broken clouds,0,0.0
155,Calamar,CO,2020-07-12 22:32:09,10.25,-74.91,86.0,74,75,8.05,broken clouds,0,0.0
156,Acapulco,MX,2020-07-12 22:31:20,16.86,-99.89,86.0,74,75,4.7,broken clouds,0,0.0
157,Thompson,CA,2020-07-12 22:32:10,55.74,-97.86,75.2,50,75,6.93,broken clouds,0,0.0
158,Vila Velha,BR,2020-07-12 22:27:17,-20.33,-40.29,73.4,78,29,9.17,scattered clouds,0,0.0
159,Gelemso,ET,2020-07-12 22:32:10,8.82,40.52,61.43,90,97,4.03,light rain,0,0.49
160,Richards Bay,ZA,2020-07-12 22:32:10,-28.78,32.04,56.05,71,0,9.62,clear sky,0,0.0
161,Dudinka,RU,2020-07-12 22:32:11,69.41,86.18,53.6,76,75,4.47,broken clouds,0,0.0
162,Commack,US,2020-07-12 22:27:14,40.84,-73.29,86.0,54,1,13.87,light rain,0,0.25
163,Pangnirtung,CA,2020-07-12 22:32:11,66.15,-65.71,49.26,60,47,1.43,scattered clouds,0,0.0
164,Qingquan,CN,2020-07-12 22:32:11,30.45,115.26,73.26,90,97,3.62,overcast clouds,0,0.0
165,Maniitsoq,GL,2020-07-12 22:32:11,65.42,-52.9,47.19,75,100,15.08,overcast clouds,0,0.0
166,Havre-Saint-Pierre,CA,2020-07-12 22:29:23,50.23,-63.6,71.6,83,40,6.93,scattered clouds,0,0.0
167,Simbahan,PH,2020-07-12 22:32:12,6.3,120.58,81.79,75,97,3.62,overcast clouds,0,0.0
168,Urumqi,CN,2020-07-12 22:32:12,43.8,87.6,69.8,49,100,6.71,overcast clouds,0,0.0
169,Atambua,ID,2020-07-12 22:27:20,-9.11,124.89,69.17,84,100,5.46,overcast clouds,0,0.0
170,Grindavik,IS,2020-07-12 22:32:12,63.84,-22.43,50.0,93,90,4.7,overcast clouds,0,0.0
171,Katsuura,JP,2020-07-12 22:32:12,35.13,140.3,70.0,94,75,8.05,light rain,0,0.0
172,Mayumba,GA,2020-07-12 22:32:13,-3.43,10.66,71.35,89,65,5.23,broken clouds,0,0.0
173,Kirakira,SB,2020-07-12 22:28:54,-10.45,161.92,81.57,79,43,14.67,light rain,0,0.42
174,Kamskoye Ustye,RU,2020-07-12 22:32:13,55.2,49.27,66.2,63,36,6.71,scattered clouds,0,0.0
175,Ghanzi,BW,2020-07-12 22:32:13,-21.57,21.78,39.9,64,0,4.52,clear sky,0,0.0
176,Zhigansk,RU,2020-07-12 22:32:13,66.77,123.37,68.63,54,60,1.5,broken clouds,0,0.0
177,Susuman,RU,2020-07-12 22:32:13,62.78,148.17,72.52,35,64,4.5,broken clouds,0,0.0
178,Villazon,BO,2020-07-12 22:32:14,-22.09,-65.59,42.93,40,0,4.05,clear sky,0,0.0
179,Saint-Joseph,RE,2020-07-12 22:28:48,-21.37,55.62,64.4,72,22,9.17,light rain,0,0.47
180,Srednekolymsk,RU,2020-07-12 22:29:35,67.45,153.68,68.32,53,22,7.85,few clouds,0,0.0
181,Swift Current,CA,2020-07-12 22:32:14,50.28,-107.8,73.4,60,75,11.41,broken clouds,0,0.0
182,Tuatapere,NZ,2020-07-12 22:27:56,-46.13,167.68,39.0,83,66,3.0,broken clouds,0,0.0
183,Sangin,AF,2020-07-12 22:32:14,32.07,64.84,76.48,19,0,0.49,clear sky,0,0.0
184,Ivanjica,RS,2020-07-12 22:32:15,43.58,20.23,60.8,93,75,2.24,broken clouds,0,0.0
185,Cherskiy,RU,2020-07-12 22:30:19,68.75,161.3,54.25,90,100,3.0,overcast clouds,0,0.0
186,Kazerun,IR,2020-07-12 22:32:15,29.62,51.65,77.88,20,0,1.7,clear sky,0,0.0
187,Nurota,UZ,2020-07-12 22:32:15,40.56,65.69,78.8,54,0,6.93,clear sky,0,0.0
188,Maldonado,UY,2020-07-12 22:32:15,-34.67,-54.92,48.2,61,46,10.29,scattered clouds,0,0.0
189,Vardo,NO,2020-07-12 22:32:16,70.37,31.11,46.4,81,75,9.17,broken clouds,0,0.0
190,Pecos,US,2020-07-12 22:28:53,31.42,-103.49,109.4,6,1,13.87,clear sky,0,0.0
191,Villamontes,BO,2020-07-12 22:32:16,-21.25,-63.5,67.05,59,0,2.73,clear sky,0,0.0
192,Murliganj,IN,2020-07-12 22:32:16,25.9,86.98,78.37,93,85,5.84,light rain,0,0.3
193,Lena,ES,2020-07-12 22:32:16,43.1,-5.73,72.0,75,64,10.0,broken clouds,0,0.0
194,Norman Wells,CA,2020-07-12 22:28:58,65.28,-126.83,59.0,87,75,3.36,light rain,0,0.0
195,Verkhoyansk,RU,2020-07-12 22:32:16,67.54,133.38,74.55,64,24,0.85,few clouds,0,0.0
196,Worcester,US,2020-07-12 22:32:17,42.33,-71.83,84.0,54,20,9.17,few clouds,0,0.0
197,Constitucion,CL,2020-07-12 22:31:01,-35.33,-72.42,53.1,83,100,6.04,overcast clouds,0,0.0
198,Preobrazheniye,RU,2020-07-12 22:31:43,42.9,133.91,63.97,79,65,3.8,broken clouds,0,0.0
199,Avera,US,2020-07-12 22:32:17,33.19,-82.53,91.4,46,1,6.93,clear sky,0,0.0
200,Bantry,IE,2020-07-12 22:32:17,51.68,-9.45,55.4,100,90,14.99,fog,0,0.0
201,Praia Da Vitoria,PT,2020-07-12 22:32:17,38.73,-27.07,71.6,73,20,9.35,few clouds,0,0.0
202,Svelgen,NO,2020-07-12 22:32:18,61.77,5.3,53.6,76,78,3.36,broken clouds,0,0.0
203,Cape Town,ZA,2020-07-12 22:31:15,-33.93,18.42,57.2,76,75,33.33,moderate rain,0,1.02
204,Joshimath,IN,2020-07-12 22:32:18,30.57,79.57,63.14,55,57,1.19,broken clouds,0,0.0
205,Mar Del Plata,AR,2020-07-12 22:30:36,-38.0,-57.56,43.0,56,1,13.87,clear sky,0,0.0
206,Gazalkent,UZ,2020-07-12 22:32:18,41.56,69.77,77.0,50,52,13.87,broken clouds,0,0.0
207,Twin Falls,US,2020-07-12 22:32:19,42.56,-114.46,87.8,20,1,9.17,clear sky,0,0.0
208,Dubuque,US,2020-07-12 22:31:36,42.48,-90.87,82.4,54,75,9.17,broken clouds,0,0.0
209,Ketchikan,US,2020-07-12 22:32:19,55.34,-131.65,59.0,77,75,9.17,broken clouds,0,0.0
210,Andilamena,MG,2020-07-12 22:32:19,-17.02,48.58,58.91,92,94,6.78,overcast clouds,0,0.0
211,Kavieng,PG,2020-07-12 22:29:52,-2.57,150.8,83.03,71,98,4.9,overcast clouds,0,0.0
212,Leh,IN,2020-07-12 22:30:35,34.17,77.58,55.62,40,28,5.39,scattered clouds,0,0.0
213,Ancud,CL,2020-07-12 22:32:19,-41.87,-73.82,42.01,80,77,2.24,broken clouds,0,0.0
214,Beaver Dam,US,2020-07-12 22:32:20,43.46,-88.84,78.01,57,75,4.7,broken clouds,0,0.0
215,Portland,US,2020-07-12 22:32:20,45.52,-122.68,78.01,47,40,4.7,scattered clouds,0,0.0
216,Beringovskiy,RU,2020-07-12 22:32:20,63.05,179.32,50.83,81,99,10.22,overcast clouds,0,0.0
217,Berlevag,NO,2020-07-12 22:32:20,70.86,29.09,46.89,87,5,3.44,clear sky,0,0.0
218,Tsabong,BW,2020-07-12 22:32:20,-26.02,22.4,47.12,44,0,12.57,clear sky,0,0.0
219,Karratha,AU,2020-07-12 22:32:20,-20.74,116.85,59.31,32,37,15.84,scattered clouds,0,0.0
220,Svetlogorsk,BY,2020-07-12 22:32:21,52.63,29.73,52.34,95,100,7.94,light rain,0,0.41
221,Komsomolskiy,UZ,2020-07-12 22:32:21,40.43,71.72,71.6,60,100,4.7,overcast clouds,0,0.0
222,Kaitangata,NZ,2020-07-12 22:30:51,-46.28,169.85,43.0,73,4,4.0,clear sky,0,0.0
223,Tucurui,BR,2020-07-12 22:32:21,-3.77,-49.67,78.01,70,80,3.04,broken clouds,0,0.0
224,Dingzhou,CN,2020-07-12 22:32:21,38.51,115.0,69.8,94,77,2.24,mist,0,0.0
225,Bagru,IN,2020-07-12 22:32:21,26.81,75.54,77.0,94,40,109.39,thunderstorm with light rain,0,0.0
226,Bolu,TR,2020-07-12 22:32:22,40.67,31.58,58.57,86,30,1.54,scattered clouds,0,0.0
227,Chifeng,CN,2020-07-12 22:32:22,42.27,118.96,72.81,55,97,3.31,overcast clouds,0,0.0
228,Port Hardy,CA,2020-07-12 22:27:37,50.7,-127.42,57.2,82,75,6.93,broken clouds,0,0.0
229,Le Port,RE,2020-07-12 22:32:22,-20.94,55.29,69.8,64,40,12.75,scattered clouds,0,0.0
230,Khani,GE,2020-07-12 22:31:40,41.96,42.96,73.4,94,75,2.24,broken clouds,0,0.0
231,Lavrentiya,RU,2020-07-12 22:31:57,65.58,-171.0,46.47,74,3,6.26,clear sky,0,0.0
232,Rypefjord,NO,2020-07-12 22:32:23,70.63,23.67,51.8,71,69,9.17,light rain,0,0.2
233,Taywarah,AF,2020-07-12 22:32:23,33.35,64.42,50.22,54,0,6.11,clear sky,0,0.0
234,Saskylakh,RU,2020-07-12 22:32:23,71.92,114.08,61.23,64,93,17.9,overcast clouds,0,0.0
235,Wanning,CN,2020-07-12 22:32:23,18.8,110.4,81.61,87,10,9.22,clear sky,0,0.0
236,Isangel,VU,2020-07-12 22:32:23,-19.55,169.27,77.0,69,75,9.17,broken clouds,0,0.0
237,Maningrida,AU,2020-07-12 22:32:23,-12.07,134.27,71.46,51,100,17.16,overcast clouds,0,0.0
238,Vostok,RU,2020-07-12 22:30:37,46.49,135.88,64.54,85,86,0.43,overcast clouds,0,0.0
239,Moranbah,AU,2020-07-12 22:32:24,-22.0,148.05,59.58,37,83,10.8,broken clouds,0,0.0
240,Bahir Dar,ET,2020-07-12 22:32:24,11.59,37.39,61.93,91,100,2.42,light rain,0,0.65
241,Carolina,PR,2020-07-12 22:30:02,18.38,-65.96,86.0,79,40,14.99,scattered clouds,0,0.0
242,Zharkovskiy,RU,2020-07-12 22:32:24,55.85,32.27,52.02,88,99,3.69,overcast clouds,0,0.0
243,Tabuk,PH,2020-07-12 22:32:24,17.42,121.44,77.67,81,100,2.42,overcast clouds,0,0.0
244,Vanavara,RU,2020-07-12 22:32:25,60.34,102.28,61.84,71,30,1.05,scattered clouds,0,0.0
245,Timmins,CA,2020-07-12 22:31:29,48.47,-81.33,60.8,100,90,12.75,light intensity drizzle,0,0.0
246,Indramayu,ID,2020-07-12 22:32:25,-6.33,108.32,77.7,79,83,7.18,broken clouds,0,0.0
247,Yepifan,RU,2020-07-12 22:32:25,53.83,38.55,62.29,79,0,3.29,clear sky,0,0.0
248,Lasa,IT,2020-07-12 22:32:25,46.62,10.7,57.2,76,5,1.3,clear sky,0,0.0
249,Tsumeb,NA,2020-07-12 22:32:25,-19.23,17.72,51.82,36,0,8.03,clear sky,0,0.0
250,Mizdah,LY,2020-07-12 22:32:25,31.45,12.98,70.81,54,0,6.93,clear sky,0,0.0
251,Aberdeen,GB,2020-07-12 22:32:26,57.14,-2.1,59.0,72,91,10.29,overcast clouds,0,0.0
252,Ternate,ID,2020-07-12 22:32:26,0.8,127.4,80.78,78,62,6.51,moderate rain,0,1.29
253,Boyolangu,ID,2020-07-12 22:32:26,-8.12,111.89,72.43,91,87,0.65,overcast clouds,0,0.0
254,Carnarvon,AU,2020-07-12 22:30:49,-24.87,113.63,55.4,87,40,5.82,scattered clouds,0,0.0
255,Padang,ID,2020-07-12 22:31:07,-0.95,100.35,76.95,80,60,4.36,light rain,0,0.26
256,Kodiak,US,2020-07-12 22:32:26,57.79,-152.41,57.2,67,90,8.05,overcast clouds,0,0.0
257,Bairiki,KI,2020-07-12 22:32:26,1.33,172.98,86.0,74,75,10.29,broken clouds,0,0.0
258,Vanderbijlpark,ZA,2020-07-12 22:32:27,-26.71,27.84,43.0,55,0,1.01,clear sky,0,0.0
259,Nanortalik,GL,2020-07-12 22:32:27,60.14,-45.24,46.78,88,100,8.28,light rain,0,0.29
260,Sao Gabriel Da Cachoeira,BR,2020-07-12 22:32:27,-0.13,-67.09,75.16,95,97,0.83,light rain,0,0.26
261,Samarai,PG,2020-07-12 22:32:27,-10.62,150.67,79.2,85,84,16.28,moderate rain,0,1.69
262,Pafos,CY,2020-07-12 22:32:27,34.77,32.42,77.0,88,20,8.05,few clouds,0,0.0
263,Miri,MY,2020-07-12 22:32:27,4.41,114.01,77.0,100,40,4.18,scattered clouds,0,0.0
264,Port Macquarie,AU,2020-07-12 22:28:09,-31.43,152.92,48.99,98,0,8.05,clear sky,0,0.0
265,Mildura,AU,2020-07-12 22:32:27,-34.2,142.15,41.0,100,0,6.93,clear sky,0,0.0
266,Hazorasp,UZ,2020-07-12 22:32:28,41.32,61.07,75.2,47,0,6.93,clear sky,0,0.0
267,Vao,NC,2020-07-12 22:31:33,-22.67,167.48,71.85,80,71,20.49,broken clouds,0,0.0
268,Comodoro Rivadavia,AR,2020-07-12 22:31:37,-45.87,-67.5,42.8,45,20,10.29,few clouds,0,0.0
269,Naryan-Mar,RU,2020-07-12 22:32:28,67.67,53.09,44.29,86,100,13.4,overcast clouds,0,0.0
270,Colonial Heights,US,2020-07-12 22:32:28,37.27,-77.41,91.99,35,1,8.05,clear sky,0,0.0
271,Marfino,RU,2020-07-12 22:32:28,55.7,37.38,62.01,87,75,8.95,broken clouds,0,0.0
272,Ostrovnoy,RU,2020-07-12 22:32:29,68.05,39.51,47.75,91,100,6.87,overcast clouds,0,0.0
273,Talnakh,RU,2020-07-12 22:32:29,69.49,88.4,53.6,76,75,4.47,broken clouds,0,0.0
274,Lebork,PL,2020-07-12 22:32:29,54.54,17.75,57.0,82,2,8.05,light rain,0,0.12
275,Kualakapuas,ID,2020-07-12 22:32:29,-3.01,114.39,72.52,98,79,2.35,broken clouds,0,0.0
276,Dalian,CN,2020-07-12 22:32:30,38.91,121.6,71.6,88,20,6.71,few clouds,0,0.0
277,Skelleftea,SE,2020-07-12 22:32:30,64.75,20.95,53.01,93,100,3.36,drizzle,0,0.0
278,Alipur Chatha,PK,2020-07-12 22:32:31,32.27,73.82,82.4,83,43,2.57,smoke,0,0.0
279,Adre,TD,2020-07-12 22:32:31,13.47,22.2,74.25,77,81,9.89,light rain,0,0.2
280,Abu Samrah,SY,2020-07-12 22:32:31,35.3,37.18,71.78,70,0,13.06,clear sky,0,0.0
281,Itoman,JP,2020-07-12 22:32:31,26.12,127.67,84.2,83,75,6.93,broken clouds,0,0.0
282,Krasnorechenskiy,RU,2020-07-12 22:32:31,44.63,135.35,66.78,72,35,1.05,scattered clouds,0,0.0
283,Buraydah,SA,2020-07-12 22:27:59,26.33,43.98,98.6,20,20,6.93,few clouds,0,0.0
284,Hay River,CA,2020-07-12 22:30:29,60.82,-115.8,64.4,68,75,4.7,broken clouds,0,0.0
285,Penzance,GB,2020-07-12 22:32:32,50.12,-5.54,60.01,82,5,4.7,clear sky,0,0.0
286,Caravelas,BR,2020-07-12 22:32:32,-17.71,-39.25,70.95,85,56,3.71,broken clouds,0,0.0
287,Henties Bay,NA,2020-07-12 22:32:32,-22.12,14.28,55.0,93,0,8.25,clear sky,0,0.0
288,Mankono,CI,2020-07-12 22:32:32,8.06,-6.19,70.14,98,45,2.86,scattered clouds,0,0.0
289,Geraldton,AU,2020-07-12 22:29:48,-28.77,114.6,53.6,62,0,14.99,clear sky,0,0.0
290,Marsabit,KE,2020-07-12 22:32:32,2.33,37.99,63.82,81,2,21.16,clear sky,0,0.0
291,Kautokeino,NO,2020-07-12 22:32:32,69.01,23.04,47.05,84,92,5.82,overcast clouds,0,0.0
292,Gracac,HR,2020-07-12 22:32:33,44.3,15.85,70.0,42,0,9.17,clear sky,0,0.0
293,Atar,MR,2020-07-12 22:32:33,20.52,-13.05,93.54,34,6,5.39,clear sky,0,0.0
294,Half Moon Bay,US,2020-07-12 22:32:33,37.46,-122.43,84.99,67,1,12.75,haze,0,0.0
295,Les Escoumins,CA,2020-07-12 22:32:33,48.11,-69.02,63.41,95,66,13.33,broken clouds,0,0.0
296,Rawson,AR,2020-07-12 22:32:03,-43.3,-65.1,41.04,64,0,20.22,clear sky,0,0.0
297,Namibe,AO,2020-07-12 22:31:22,-15.2,12.15,63.0,76,0,7.76,clear sky,0,0.0
298,Daru,PG,2020-07-12 22:32:20,-9.08,143.21,78.12,89,92,16.44,moderate rain,0,1.45
299,Kinango,KE,2020-07-12 22:32:34,-4.14,39.32,77.0,83,20,8.05,few clouds,0,0.0
300,Tazovskiy,RU,2020-07-12 22:32:34,67.47,78.7,50.88,70,87,7.96,overcast clouds,0,0.0
301,Nelson Bay,AU,2020-07-12 22:32:34,-32.72,152.15,46.99,100,75,8.05,broken clouds,0,0.0
302,Balikpapan,ID,2020-07-12 22:32:09,-1.27,116.83,75.2,100,20,3.36,few clouds,0,0.0
303,Ituacu,BR,2020-07-12 22:32:34,-13.81,-41.3,68.94,69,57,4.41,broken clouds,0,0.0
304,Borogontsy,RU,2020-07-12 22:32:34,62.67,131.17,78.82,65,1,1.72,clear sky,0,0.0
305,Calvinia,ZA,2020-07-12 22:32:35,-31.47,19.78,43.34,62,0,12.53,clear sky,0,0.0
306,Khon Buri,TH,2020-07-12 22:32:35,14.53,102.25,74.82,89,93,3.22,overcast clouds,0,0.0
307,Bowen,AU,2020-07-12 22:28:52,-20.02,148.23,64.99,68,90,8.05,overcast clouds,0,0.0
308,Guiratinga,BR,2020-07-12 22:32:35,-16.35,-53.76,75.47,43,100,3.15,overcast clouds,0,0.0
309,Kholtoson,RU,2020-07-12 22:32:35,50.3,103.31,56.5,85,28,0.76,scattered clouds,0,0.0
310,Saint-Paul,RE,2020-07-12 22:32:35,-21.01,55.27,69.8,64,40,12.75,scattered clouds,0,0.0
311,Nizhniy Kuranakh,RU,2020-07-12 22:32:36,58.84,125.49,81.93,50,34,1.3,scattered clouds,0,0.0
312,Cayenne,GF,2020-07-12 22:32:36,4.93,-52.33,80.6,83,35,9.04,scattered clouds,0,0.0
313,Luderitz,NA,2020-07-12 22:30:27,-26.65,15.16,53.6,93,2,1.12,clear sky,0,0.0
314,Ulladulla,AU,2020-07-12 22:32:36,-35.35,150.47,48.2,100,75,5.82,broken clouds,0,0.0
315,Ahipara,NZ,2020-07-12 22:32:36,-35.17,173.17,60.17,83,31,10.6,light rain,0,0.26
316,Vicuna,CL,2020-07-12 22:32:36,-30.03,-70.71,72.0,29,90,3.65,overcast clouds,0,0.0
317,Saint George,US,2020-07-12 22:31:02,37.1,-113.58,108.0,12,1,19.46,clear sky,0,0.0
318,Balaghat,IN,2020-07-12 22:32:37,21.8,80.18,78.78,84,83,2.04,broken clouds,0,0.0
319,Paita,PE,2020-07-12 22:32:37,-5.09,-81.11,64.47,82,8,16.11,clear sky,0,0.0
320,Mount Isa,AU,2020-07-12 22:29:47,-20.73,139.5,46.4,61,0,9.17,clear sky,0,0.0
321,Chihuahua,MX,2020-07-12 22:30:52,28.5,-106.0,96.8,11,20,8.05,few clouds,0,0.0
322,Pucallpa,PE,2020-07-12 22:32:37,-8.38,-74.55,87.8,55,40,3.36,scattered clouds,0,0.0
323,Robe,AU,2020-07-12 22:32:37,-37.18,139.75,49.42,87,0,6.15,clear sky,0,0.0
324,Mehamn,NO,2020-07-12 22:32:37,71.04,27.85,47.17,84,0,5.14,clear sky,0,0.0
325,Souillac,MU,2020-07-12 22:29:01,-20.52,57.52,69.8,88,75,16.11,shower rain,0,0.0
326,Neiafu,TO,2020-07-12 22:32:38,-18.65,-173.98,75.2,83,75,12.75,broken clouds,0,0.0
327,Naqadeh,IR,2020-07-12 22:32:38,36.96,45.39,66.56,63,3,3.31,clear sky,0,0.0
328,Misratah,LY,2020-07-12 22:32:38,32.38,15.09,76.39,77,0,7.63,clear sky,0,0.0
329,Iquitos,PE,2020-07-12 22:32:38,-3.75,-73.25,82.4,74,75,12.75,shower rain,0,0.0
330,Portree,GB,2020-07-12 22:32:38,57.41,-6.19,55.0,93,100,8.99,light rain,0,0.57
331,Ribeira Grande,PT,2020-07-12 22:32:39,38.52,-28.7,68.88,83,1,15.7,clear sky,0,0.0
332,Tinskoy,RU,2020-07-12 22:32:39,56.15,96.92,60.71,73,100,4.76,overcast clouds,0,0.0
333,Kahului,US,2020-07-12 22:32:39,20.89,-156.47,87.8,48,40,25.28,scattered clouds,0,0.0
334,Kupang,ID,2020-07-12 22:32:39,-10.17,123.58,77.0,73,20,10.29,few clouds,0,0.0
335,Imphal,IN,2020-07-12 22:32:39,24.82,93.95,71.35,95,100,1.72,moderate rain,0,2.76
336,Verkhnyaya Inta,RU,2020-07-12 22:32:39,65.98,60.31,55.15,93,51,18.45,broken clouds,0,0.0
337,Flinders,AU,2020-07-12 22:32:40,-34.58,150.86,48.99,90,59,1.01,broken clouds,0,0.0
338,Demirci,TR,2020-07-12 22:32:40,39.05,28.66,61.92,77,0,7.2,clear sky,0,0.0
339,Quang Ngai,VN,2020-07-12 22:32:40,15.12,108.8,77.27,82,14,3.87,few clouds,0,0.0
340,Roald,NO,2020-07-12 22:32:40,62.58,6.13,48.99,76,60,4.7,broken clouds,0,0.0
341,Omsukchan,RU,2020-07-12 22:32:40,62.53,155.8,67.66,43,7,3.58,clear sky,0,0.0
342,Manjacaze,MZ,2020-07-12 22:32:40,-24.71,33.88,55.29,65,0,2.84,clear sky,0,0.0
343,Veraval,IN,2020-07-12 22:32:41,20.9,70.37,82.99,82,64,14.29,light rain,0,0.26
344,The Pas,CA,2020-07-12 22:32:41,53.83,-101.25,78.8,54,90,13.87,overcast clouds,0,0.0
345,Barcelona,ES,2020-07-12 22:28:05,41.39,2.16,77.0,73,20,5.82,few clouds,0,0.0
346,Ambanja,MG,2020-07-12 22:32:41,-13.68,48.45,69.67,81,14,3.49,few clouds,0,0.0
347,Saint Anthony,US,2020-07-12 22:32:41,45.02,-93.22,84.2,39,40,6.93,scattered clouds,0,0.0
348,Oranjemund,NA,2020-07-12 22:32:41,-28.55,16.43,54.88,81,0,12.77,clear sky,0,0.0
349,Ascension,US,2020-07-12 22:32:41,30.22,-90.9,97.0,59,84,4.7,light rain,0,0.69
350,Vrangel,RU,2020-07-12 22:31:06,42.73,133.08,62.92,83,4,5.17,clear sky,0,0.0
351,Youkounkoun,GN,2020-07-12 22:32:42,12.53,-13.13,74.26,95,100,6.2,light rain,0,0.6
352,Talaya,RU,2020-07-12 22:32:42,61.38,152.75,70.43,40,18,1.39,few clouds,0,0.0
353,Bandarbeyla,SO,2020-07-12 22:29:42,9.49,50.81,81.52,68,74,31.99,broken clouds,0,0.0
354,Jinchang,CN,2020-07-12 22:32:42,38.5,102.17,70.09,52,21,2.13,few clouds,0,0.0
355,Bridgeton,US,2020-07-12 22:30:13,39.43,-75.23,86.0,54,1,5.82,clear sky,0,0.0
356,Sinnamary,GF,2020-07-12 22:31:56,5.38,-52.95,78.1,88,53,9.55,light rain,0,0.34
357,Kuching,MY,2020-07-12 22:32:43,1.55,110.33,75.2,100,20,2.62,few clouds,0,0.0
358,Alice Springs,AU,2020-07-12 22:32:43,-23.7,133.88,33.8,74,0,4.7,clear sky,0,0.0
359,Abu Kamal,SY,2020-07-12 22:32:43,34.45,40.92,85.64,35,2,14.47,clear sky,0,0.0
360,Kitimat,CA,2020-07-12 22:30:08,54.05,-128.65,63.0,69,70,1.99,light rain,0,0.19
361,Mount Gambier,AU,2020-07-12 22:32:44,-37.83,140.77,39.2,100,90,2.24,overcast clouds,0,0.0
362,Praia,CV,2020-07-12 22:32:44,14.92,-23.51,78.8,78,75,11.41,broken clouds,0,0.0
363,Humberto De Campos,BR,2020-07-12 22:32:44,-2.6,-43.46,75.72,88,28,3.94,scattered clouds,0,0.0
364,Nyurba,RU,2020-07-12 22:32:44,63.28,118.33,62.46,94,100,4.29,light rain,0,0.3
365,Prainha,BR,2020-07-12 22:32:44,-1.8,-53.48,75.74,92,42,3.4,light rain,0,0.15
366,Nuevo Progreso,MX,2020-07-12 22:32:45,23.17,-97.95,93.0,47,25,5.99,scattered clouds,0,0.0
367,Sola,VU,2020-07-12 22:32:48,-13.88,167.55,80.6,88,90,11.41,overcast clouds,0,0.0
368,Krasnoborsk,RU,2020-07-12 22:32:48,61.56,45.93,57.63,77,90,2.55,overcast clouds,0,0.0
369,Chicama,PE,2020-07-12 22:32:48,-7.84,-79.15,65.05,75,11,6.6,few clouds,0,0.0
370,Kloulklubed,PW,2020-07-12 22:32:48,7.04,134.26,75.2,94,75,7.09,broken clouds,0,0.0
371,Mahebourg,MU,2020-07-12 22:32:45,-20.41,57.7,69.8,88,75,16.11,shower rain,0,0.0
372,Pampierstad,ZA,2020-07-12 22:32:49,-27.78,24.69,44.04,49,0,14.58,clear sky,0,0.0
373,Charleston,US,2020-07-12 22:28:27,32.78,-79.93,93.0,52,1,9.17,clear sky,0,0.0
374,Hamilton,US,2020-07-12 22:32:49,39.18,-84.53,75.0,73,20,10.29,thunderstorm,0,0.51
375,Bridlington,GB,2020-07-12 22:28:48,54.08,-0.19,55.99,87,34,4.7,scattered clouds,0,0.0
376,Carman,CA,2020-07-12 22:32:09,49.5,-98.0,84.99,45,43,1.99,scattered clouds,0,0.0
377,Severo-Kurilsk,RU,2020-07-12 22:32:50,50.68,156.12,49.68,93,100,6.96,light rain,0,0.51
378,Awjilah,LY,2020-07-12 22:32:50,29.11,21.29,74.05,72,0,15.79,clear sky,0,0.0
379,Asau,RO,2020-07-12 22:32:50,46.43,26.4,54.0,91,100,3.38,overcast clouds,0,0.0
380,Carutapera,BR,2020-07-12 22:32:51,-1.2,-46.02,76.08,91,59,6.55,broken clouds,0,0.0
381,Silvania,BR,2020-07-12 22:32:51,-16.66,-48.61,77.0,43,84,1.12,broken clouds,0,0.0
382,Balsas,BR,2020-07-12 22:32:51,-7.53,-46.04,78.93,38,43,3.33,scattered clouds,0,0.0
383,Sechura,PE,2020-07-12 22:32:51,-5.56,-80.82,68.95,69,9,17.18,clear sky,0,0.0
384,Kabompo,ZM,2020-07-12 22:32:52,-13.59,24.2,59.16,34,0,7.31,clear sky,0,0.0
385,Konokovo,RU,2020-07-12 22:29:46,44.86,41.33,75.2,53,100,6.71,overcast clouds,0,0.0
386,Cap Malheureux,MU,2020-07-12 22:32:52,-19.98,57.61,72.0,75,4,8.99,light rain,0,0.19
387,Stornoway,GB,2020-07-12 22:27:59,58.21,-6.39,55.99,93,100,19.46,overcast clouds,0,0.0
388,Port Lincoln,AU,2020-07-12 22:32:53,-34.73,135.87,52.84,82,15,3.6,few clouds,0,0.0
389,Garowe,SO,2020-07-12 22:32:53,8.41,48.48,79.07,62,80,32.17,broken clouds,0,0.0
390,Doume,CM,2020-07-12 22:32:53,4.23,13.45,67.73,94,39,2.42,scattered clouds,0,0.0
391,San Quintin,MX,2020-07-12 22:32:53,30.48,-115.95,79.92,50,6,15.9,clear sky,0,0.0
392,Teguise,ES,2020-07-12 22:32:53,29.06,-13.56,71.6,83,20,16.11,few clouds,0,0.0
393,Tahe,CN,2020-07-12 22:32:53,52.33,124.73,80.2,48,88,1.72,overcast clouds,0,0.0
394,Celestun,MX,2020-07-12 22:32:54,20.87,-90.4,84.52,70,9,12.06,light rain,0,0.19
395,Price,US,2020-07-12 22:32:54,39.6,-110.81,96.8,14,1,5.82,clear sky,0,0.0
396,Hvolsvollur,IS,2020-07-12 22:31:57,63.75,-20.22,51.01,98,100,4.0,moderate rain,0,1.42
397,Tokur,RU,2020-07-12 22:32:54,53.13,132.9,74.52,59,3,1.41,clear sky,0,0.0
398,Chiang Klang,TH,2020-07-12 22:32:54,19.29,100.86,72.5,89,100,0.98,light rain,0,0.74
399,Ust-Nera,RU,2020-07-12 22:32:54,64.57,143.2,73.74,47,93,9.01,overcast clouds,0,0.0
400,Asifabad,IN,2020-07-12 22:32:54,19.37,79.28,80.51,76,99,5.7,overcast clouds,0,0.0
401,Codrington,AU,2020-07-12 22:32:54,-38.27,141.97,47.48,89,1,2.01,clear sky,0,0.0
402,Salinas,US,2020-07-12 22:32:55,36.68,-121.66,77.0,53,1,17.22,clear sky,0,0.0
403,Takoradi,GH,2020-07-12 22:31:13,4.88,-1.76,74.52,89,41,7.38,scattered clouds,0,0.0
404,Ningxiang,CN,2020-07-12 22:32:55,37.34,111.21,63.07,78,73,2.28,broken clouds,0,0.0
405,Pitimbu,BR,2020-07-12 22:32:55,-7.47,-34.81,73.4,88,75,3.36,broken clouds,0,0.0
406,Nemuro,JP,2020-07-12 22:32:55,43.32,145.57,55.72,90,94,4.36,overcast clouds,0,0.0
407,Gualaceo,EC,2020-07-12 22:32:55,-2.9,-78.78,59.95,73,85,3.76,overcast clouds,0,0.0
408,Puerto Rondon,CO,2020-07-12 22:32:55,6.28,-71.1,74.53,94,94,6.22,overcast clouds,0,0.0
409,Melbu,NO,2020-07-12 22:32:56,68.5,14.83,46.4,93,20,3.36,few clouds,0,0.0
410,Corrente,BR,2020-07-12 22:32:56,-3.74,-43.34,76.3,69,16,1.32,few clouds,0,0.0
411,Ekhabi,RU,2020-07-12 22:32:56,53.51,142.97,57.25,84,100,3.53,overcast clouds,0,0.0
412,Touros,BR,2020-07-12 22:32:56,-5.2,-35.46,73.4,88,16,3.36,few clouds,0,0.0
413,Salamiyah,SY,2020-07-12 22:32:56,35.01,37.05,69.42,81,0,9.33,clear sky,0,0.0
414,Iwanai,JP,2020-07-12 22:32:57,42.97,140.51,68.11,77,23,0.65,few clouds,0,0.0
415,Utica,US,2020-07-12 22:28:13,43.1,-75.23,77.0,83,90,3.36,haze,0,0.0
416,Plainview,US,2020-07-12 22:32:57,40.78,-73.47,87.01,54,1,13.87,clear sky,0,0.0
417,Sisimiut,GL,2020-07-12 22:29:06,66.94,-53.67,52.5,58,80,15.84,broken clouds,0,0.0
418,Urengoy,RU,2020-07-12 22:31:06,65.97,78.37,57.02,70,100,13.11,light rain,0,0.33
419,Shimoda,JP,2020-07-12 22:32:57,34.67,138.95,64.0,95,100,8.7,overcast clouds,0,0.0
420,Hamina,FI,2020-07-12 22:32:57,60.57,27.2,53.6,87,71,5.82,broken clouds,0,0.0
421,Jesus Maria,AR,2020-07-12 22:32:58,-30.98,-64.09,51.01,52,92,2.24,overcast clouds,0,0.0
422,Saint-Francois,FR,2020-07-12 22:32:58,46.42,3.91,59.0,58,44,2.28,scattered clouds,0,0.0
423,Linxia,CN,2020-07-12 22:32:58,35.6,103.21,60.17,69,63,2.57,broken clouds,0,0.0
424,Palmerston,AU,2020-07-12 22:32:58,-12.49,130.98,72.0,35,1,20.8,clear sky,0,0.0
425,Eureka,US,2020-07-12 22:29:41,40.8,-124.16,73.99,29,1,7.0,clear sky,0,0.0
426,Olinda,BR,2020-07-12 22:28:47,-8.01,-34.86,78.8,65,40,5.82,scattered clouds,0,0.0
427,Puerto Baquerizo Moreno,EC,2020-07-12 22:32:59,-0.9,-89.6,67.62,86,100,7.61,overcast clouds,0,0.0
428,Dukat,RU,2020-07-12 22:29:19,62.55,155.55,63.21,50,1,2.08,clear sky,0,0.0
429,Blairmore,CA,2020-07-12 22:32:59,49.6,-114.44,66.2,37,1,25.28,clear sky,0,0.0
430,Swellendam,ZA,2020-07-12 22:32:59,-34.02,20.44,57.2,41,0,11.41,clear sky,0,0.0
431,Gushikawa,JP,2020-07-12 22:32:59,26.35,127.87,84.2,83,1,5.82,clear sky,0,0.0
432,Pampa,US,2020-07-12 22:32:59,35.54,-100.96,105.8,15,1,21.92,clear sky,0,0.0
433,Troitsko-Pechorsk,RU,2020-07-12 22:33:00,62.71,56.2,54.81,76,45,8.05,scattered clouds,0,0.0
434,Luanda,AO,2020-07-12 22:32:35,-8.84,13.23,68.0,88,17,4.7,few clouds,0,0.0
435,Coquimbo,CL,2020-07-12 22:33:00,-29.95,-71.34,57.2,76,62,3.36,broken clouds,0,0.0
436,Zacualtipan,MX,2020-07-12 22:33:00,20.65,-98.6,70.77,71,58,6.98,light rain,0,0.11
437,Xam Nua,LA,2020-07-12 22:33:00,20.42,104.04,64.11,91,100,1.72,overcast clouds,0,0.0
438,Dom Pedrito,BR,2020-07-12 22:33:00,-30.98,-54.67,47.62,78,36,4.76,scattered clouds,0,0.0
439,Togul,RU,2020-07-12 22:33:01,53.47,85.91,56.64,88,0,2.53,clear sky,0,0.0
440,Jiangyou,CN,2020-07-12 22:33:01,31.77,104.72,75.15,78,100,2.71,overcast clouds,0,0.0
441,Tibiri,NE,2020-07-12 22:33:01,13.56,7.05,80.65,58,67,7.45,broken clouds,0,0.0
442,Washington,US,2020-07-12 22:30:25,47.5,-120.5,79.0,26,20,10.0,few clouds,0,0.0
443,Sambava,MG,2020-07-12 22:33:02,-14.27,50.17,69.44,86,67,10.07,light rain,0,0.75
444,Pimentel,PE,2020-07-12 22:33:02,-6.84,-79.93,68.0,68,20,17.22,few clouds,0,0.0
445,Udachnyy,RU,2020-07-12 22:33:02,66.42,112.4,57.2,71,90,2.24,overcast clouds,0,0.0
446,Brus Laguna,HN,2020-07-12 22:33:03,15.75,-84.48,81.18,87,98,3.94,light rain,0,0.25
447,Maragogi,BR,2020-07-12 22:31:46,-9.01,-35.22,74.64,80,7,7.78,clear sky,0,0.0
448,Safaga,EG,2020-07-12 22:33:04,26.73,33.94,87.8,27,0,14.99,clear sky,0,0.0
449,Manokwari,ID,2020-07-12 22:33:04,-0.87,134.08,80.44,73,85,2.04,light rain,0,0.59
450,Natal,BR,2020-07-12 22:33:05,-5.79,-35.21,73.4,83,17,4.7,few clouds,0,0.0
451,Fortuna,US,2020-07-12 22:30:25,40.6,-124.16,73.99,60,20,17.22,few clouds,0,0.0
452,Maceio,BR,2020-07-12 22:33:05,-9.67,-35.74,71.6,88,20,2.24,few clouds,0,0.0
453,Jacareacanga,BR,2020-07-12 22:29:08,-6.22,-57.75,82.15,63,96,0.76,overcast clouds,0,0.0
454,Port Keats,AU,2020-07-12 22:33:05,-14.25,129.55,70.0,26,100,14.88,overcast clouds,0,0.0
455,Guerrero Negro,MX,2020-07-12 22:32:55,27.98,-114.06,84.92,34,0,18.32,clear sky,0,0.0
456,Meulaboh,ID,2020-07-12 22:30:31,4.14,96.13,76.26,80,100,2.17,overcast clouds,0,0.0
457,Kasama,ZM,2020-07-12 22:33:05,-10.21,31.18,56.3,64,1,5.46,clear sky,0,0.0
458,Ust-Maya,RU,2020-07-12 22:33:05,60.42,134.53,74.12,56,10,4.0,clear sky,0,0.0
459,Itarema,BR,2020-07-12 22:33:06,-2.92,-39.92,78.15,77,56,14.79,broken clouds,0,0.0
460,Camacha,PT,2020-07-12 22:33:06,33.08,-16.33,68.0,77,40,13.87,scattered clouds,0,0.0
461,Panorama,GR,2020-07-12 22:33:06,40.59,23.03,75.99,57,20,19.46,few clouds,0,0.0
462,Poum,NC,2020-07-12 22:33:06,-20.23,164.02,73.13,73,1,10.16,clear sky,0,0.0
463,Manglisi,GE,2020-07-12 22:33:07,41.7,44.38,73.4,83,40,4.7,scattered clouds,0,0.0
464,Livingston,GB,2020-07-12 22:28:38,55.9,-3.52,60.01,77,75,10.29,broken clouds,0,0.0
465,Gunjur,GM,2020-07-12 22:33:07,13.2,-16.73,77.0,100,75,8.1,light rain,0,0.0
466,Pacific Grove,US,2020-07-12 22:31:39,36.62,-121.92,77.0,63,1,11.41,clear sky,0,0.0
467,Kendari,ID,2020-07-12 22:33:07,-3.94,122.5,74.75,92,50,2.77,light rain,0,0.2
468,Apatity,RU,2020-07-12 22:33:07,67.56,33.4,49.01,89,76,2.55,broken clouds,0,0.0
469,Cody,US,2020-07-12 22:33:07,44.53,-109.06,91.99,9,1,10.29,clear sky,0,0.0
470,Zhanakorgan,KZ,2020-07-12 22:32:03,43.91,67.25,77.97,18,0,14.74,clear sky,0,0.0
471,Svetlyy,RU,2020-07-12 22:32:16,54.67,20.13,55.4,87,40,6.71,scattered clouds,0,0.0
472,Tarko-Sale,RU,2020-07-12 22:33:08,64.92,77.78,55.0,78,95,13.38,light rain,0,0.27
473,Antigonish,CA,2020-07-12 22:33:08,45.62,-62.0,77.0,87,27,5.99,scattered clouds,0,0.0
474,Hit,IQ,2020-07-12 22:33:08,33.64,42.83,88.18,15,0,8.23,clear sky,0,0.0
475,Darnah,LY,2020-07-12 22:33:08,32.77,22.64,74.64,83,0,18.16,clear sky,0,0.0
476,Thinadhoo,MV,2020-07-12 22:33:08,0.53,72.93,84.79,69,93,6.46,overcast clouds,0,0.0
477,Laguna,US,2020-07-12 22:33:09,38.42,-121.42,105.01,14,1,4.7,clear sky,0,0.0
478,Kargasok,RU,2020-07-12 22:33:09,59.06,80.86,57.45,95,61,10.6,broken clouds,0,0.0
479,Kikwit,CD,2020-07-12 22:33:09,-5.04,18.82,75.54,77,97,2.17,overcast clouds,0,0.0
480,Baraboo,US,2020-07-12 22:29:11,43.47,-89.74,80.01,50,90,6.93,overcast clouds,0,0.0
481,Kovdor,RU,2020-07-12 22:33:02,67.57,30.48,42.69,93,35,1.77,scattered clouds,0,0.0
482,Bull Savanna,JM,2020-07-12 22:33:10,17.89,-77.59,81.52,69,26,8.61,scattered clouds,0,0.0
483,Bud,US,2020-07-12 22:32:59,39.45,-86.18,82.0,57,75,10.29,broken clouds,0,0.0
484,Jiamusi,CN,2020-07-12 22:33:10,46.83,130.35,72.45,77,0,3.27,clear sky,0,0.0
485,Milan,IT,2020-07-12 22:33:10,45.46,9.19,73.99,53,8,10.29,clear sky,0,0.0
486,Hobyo,SO,2020-07-12 22:31:30,5.35,48.53,79.09,76,30,18.86,scattered clouds,0,0.0
487,Novopokrovka,UA,2020-07-12 22:33:11,49.84,36.55,73.4,53,82,6.71,broken clouds,0,0.0
488,Denpasar,ID,2020-07-12 22:33:11,-8.65,115.22,78.8,100,40,5.82,scattered clouds,0,0.0
489,Aragarcas,BR,2020-07-12 22:33:11,-15.9,-52.25,75.49,54,70,3.4,broken clouds,0,0.0
490,Kinston,US,2020-07-12 22:33:11,35.26,-77.58,91.4,43,75,9.17,broken clouds,0,0.0
491,Guasdualito,VE,2020-07-12 22:33:11,7.24,-70.73,84.2,74,40,6.93,scattered clouds,0,0.0
492,Hede,CN,2020-07-12 22:33:11,33.77,120.25,71.44,94,100,9.22,overcast clouds,0,0.0
493,Bogorodskoye,RU,2020-07-12 22:33:11,56.55,37.88,55.44,96,81,7.07,broken clouds,0,0.0
494,Seminole,US,2020-07-12 22:33:12,28.71,-81.21,93.99,49,1,10.29,clear sky,0,0.0
495,Taoudenni,ML,2020-07-12 22:33:12,22.68,-3.98,95.58,32,48,8.21,scattered clouds,0,0.0
496,Naze,JP,2020-07-12 22:33:12,28.37,129.48,84.2,89,75,9.17,broken clouds,0,0.0
497,Terrace Bay,CA,2020-07-12 22:33:12,48.78,-87.1,69.8,60,75,3.36,broken clouds,0,0.0
498,Srandakan,ID,2020-07-12 22:33:12,-7.94,110.25,71.98,89,90,2.91,overcast clouds,0,0.0
499,Rio Cuarto,AR,2020-07-12 22:33:12,-33.13,-64.35,48.2,39,4,10.29,clear sky,0,0.0
500,Gamba,GA,2020-07-12 22:33:12,-2.65,10.0,70.45,93,16,5.97,few clouds,0,0.0
501,Kavaratti,IN,2020-07-12 22:31:06,10.57,72.64,81.88,77,100,9.93,moderate rain,0,2.25
502,Baykit,RU,2020-07-12 22:32:05,61.67,96.37,58.69,86,87,2.46,overcast clouds,0,0.0
503,Acajutla,SV,2020-07-12 22:33:13,13.59,-89.83,93.2,44,20,2.24,few clouds,0,0.0
504,Clyde,US,2020-07-12 22:33:13,41.3,-82.98,82.0,52,69,1.99,broken clouds,0,0.0
505,Parauna,BR,2020-07-12 22:33:13,-16.95,-50.45,72.97,48,98,2.48,overcast clouds,0,0.0
506,Pimenta Bueno,BR,2020-07-12 22:33:13,-11.67,-61.19,79.23,54,0,2.71,clear sky,0,0.0
507,Niquero,CU,2020-07-12 22:33:13,20.04,-77.58,85.03,68,83,6.44,broken clouds,0,0.0
508,Bagdarin,RU,2020-07-12 22:33:14,54.43,113.6,63.52,83,42,1.54,scattered clouds,0,0.0
509,Taltal,CL,2020-07-12 22:30:52,-25.4,-70.48,55.35,80,24,2.77,few clouds,0,0.0
510,Rutland,US,2020-07-12 22:33:14,43.62,-73.02,84.2,48,20,8.05,few clouds,0,0.0
511,Dondo,MZ,2020-07-12 22:33:14,-19.61,34.74,71.6,68,20,12.75,few clouds,0,0.0
512,Mezhdurechensk,RU,2020-07-12 22:33:14,53.69,88.06,57.36,86,44,0.94,scattered clouds,0,0.0
513,Bara,NG,2020-07-12 22:33:14,10.37,10.73,74.41,85,83,1.16,light rain,0,0.37
514,Huangnihe,CN,2020-07-12 22:32:21,43.56,128.02,64.85,83,94,6.11,overcast clouds,0,0.0
515,Sangueya,GN,2020-07-12 22:33:15,10.7,-14.37,74.35,95,100,4.43,light rain,0,0.74
516,Aqtobe,KZ,2020-07-12 22:28:51,50.28,57.21,73.4,53,90,6.71,overcast clouds,0,0.0
517,Erdenet,MN,2020-07-12 22:33:15,49.03,104.08,57.9,87,45,2.06,scattered clouds,0,0.0
518,Baglung,NP,2020-07-12 22:30:27,28.27,83.59,70.39,76,74,3.27,broken clouds,0,0.0
519,Broome,US,2020-07-12 22:29:08,42.25,-75.83,82.99,47,20,4.7,few clouds,0,0.0
520,Itapetinga,BR,2020-07-12 22:33:16,-15.25,-40.25,68.25,89,80,4.36,light rain,0,0.13
521,Calabozo,VE,2020-07-12 22:33:16,8.92,-67.43,77.56,89,64,3.44,broken clouds,0,0.0
522,Guaruja,BR,2020-07-12 22:33:16,-23.99,-46.26,82.4,48,0,3.36,clear sky,0,0.0
523,Stutterheim,ZA,2020-07-12 22:33:16,-32.57,27.42,55.15,34,0,17.72,clear sky,0,0.0
524,Jalu,LY,2020-07-12 22:31:50,29.03,21.55,74.73,69,0,15.68,clear sky,0,0.0
525,Moindou,NC,2020-07-12 22:33:16,-21.69,165.68,69.8,73,90,2.24,overcast clouds,0,0.0
526,Dembi Dolo,ET,2020-07-12 22:33:17,8.53,34.8,58.26,95,100,3.13,overcast clouds,0,0.0
527,Suharau,RO,2020-07-12 22:33:17,48.13,26.42,54.0,86,44,1.01,scattered clouds,0,0.0
528,Mamallapuram,IN,2020-07-12 22:33:17,12.63,80.17,77.0,100,90,6.93,thunderstorm with rain,0,0.0
529,Hernani,ES,2020-07-12 22:33:17,43.27,-1.98,69.8,77,0,8.05,clear sky,0,0.0
530,Derzhavinsk,KZ,2020-07-12 22:33:17,51.1,66.32,66.34,75,40,8.68,scattered clouds,0,0.0
531,Sangre Grande,TT,2020-07-12 22:33:17,10.58,-61.12,86.0,66,20,8.05,few clouds,0,0.0
532,Gamboma,CG,2020-07-12 22:33:18,-1.88,15.86,76.93,74,66,3.22,light rain,0,0.18
533,Somerset,US,2020-07-12 22:33:18,40.57,-74.55,89.01,40,1,1.99,clear sky,0,0.0
534,Kolyshley,RU,2020-07-12 22:33:18,52.7,44.54,72.0,55,37,5.93,scattered clouds,0,0.0
535,Kalga,RU,2020-07-12 22:33:18,50.93,118.9,68.34,73,91,3.65,overcast clouds,0,0.0
536,Buala,SB,2020-07-12 22:29:51,-8.14,159.59,82.6,79,95,14.52,moderate rain,0,1.3
537,Faya,SA,2020-07-12 22:33:18,18.39,42.45,77.0,23,20,6.93,few clouds,0,0.0
538,Blackwater,AU,2020-07-12 22:33:18,-23.58,148.88,58.1,46,28,11.41,scattered clouds,0,0.0
539,Faro,PT,2020-07-12 22:33:19,37.02,-7.93,75.99,83,0,9.17,clear sky,0,0.0
540,Santiago Del Estero,AR,2020-07-12 22:28:25,-27.8,-64.26,62.56,51,99,6.8,overcast clouds,0,0.0
541,Mechetinskaya,RU,2020-07-12 22:32:03,46.77,40.46,73.13,58,50,0.78,scattered clouds,0,0.0
542,Huaicheng,CN,2020-07-12 22:33:19,23.91,112.19,77.61,91,78,1.34,broken clouds,0,0.0
543,Oranjestad,AW,2020-07-12 22:30:58,12.52,-70.03,84.2,79,40,18.34,scattered clouds,0,0.0
544,Castellammare Del Golfo,IT,2020-07-12 22:33:19,38.02,12.89,77.0,69,0,3.36,clear sky,0,0.0
545,Ville-Marie,CA,2020-07-12 22:33:13,47.33,-79.43,62.6,82,90,13.87,overcast clouds,0,0.0
546,Nishihara,JP,2020-07-12 22:29:09,26.18,127.76,84.2,83,40,5.82,scattered clouds,0,0.0
547,Pirovskoye,RU,2020-07-12 22:33:20,57.63,92.27,56.34,85,0,3.94,clear sky,0,0.0
548,Salalah,OM,2020-07-12 22:33:20,17.02,54.09,80.6,94,90,4.7,mist,0,0.0
549,Lubumbashi,CD,2020-07-12 22:33:20,-11.66,27.48,65.86,46,87,3.02,overcast clouds,0,0.0
550,Viedma,AR,2020-07-12 22:33:20,-40.81,-63.0,41.81,63,0,14.47,clear sky,0,0.0
551,Novocheremshansk,RU,2020-07-12 22:33:20,54.36,50.17,66.25,96,80,7.87,broken clouds,0,0.0
